serial,name,outlet_name,address_1,address_2,city,state,zip,pin,modes,interval,txpower,ibeacon,eddystoneuid,eddystoneurl
000010,1296881,GREAT MALL GFV CHIPOTLE,447  GREAT MALL DR,CHIPOTLE,MILPITAS,CA,950358041,34093409,5,100,14,F82FC8510000000000003BE02469B6AE0000000ABE,E7F82FC8513BE02469B6AE00000000000a,E7017261646975736E6574776F726B7307
000011,1171858,GREAT MALL GFV CHIPOTLE,447  GREAT MALL DR,CHIPOTLE,MILPITAS,CA,950358041,34093409,5,100,14,F82FC8510000000000003BE02469B6AE0000000BBE,E7F82FC8513BE02469B6AE00000000000b,E7017261646975736E6574776F726B7307
000012,1080559,GREAT MALL GFV FOOD COURT,447  GREAT MALL DR,CENTURY LEFT SIDE,MILPITAS,CA,950358041,34093409,5,100,14,F82FC8510000000000003BE02469B6AE0000000CBE,E7F82FC8513BE02469B6AE00000000000c,E7017261646975736E6574776F726B7307
000013,1080558,GREAT MALL GFV FOOD COURT,447  GREAT MALL DR,CENTURY RIGHT SIDE,MILPITAS,CA,950358041,34093409,5,100,14,F82FC8510000000000003BE02469B6AE0000000DBE,E7F82FC8513BE02469B6AE00000000000d,E7017261646975736E6574776F726B7307
000014,1080551,GREAT MALL GFV BURLINGTON,447  GREAT MALL DR,BURLINGTON COAT FAC,MILPITAS,CA,950358041,34093409,5,100,14,F82FC8510000000000003BE02469B6AE0000000EBE,E7F82FC8513BE02469B6AE00000000000e,E7017261646975736E6574776F726B7307
000015,1171857,GREAT MALL GFV STARBUCKS,447  GREAT MALL DR,STARBUCKS,MILPITAS,CA,950358041,34093409,5,100,14,F82FC8510000000000003BE02469B6AE0000000FBE,E7F82FC8513BE02469B6AE00000000000f,E7017261646975736E6574776F726B7307
000016,1146611,GREAT MALL GFV CENTURY,447  GREAT MALL DR,CENTURY LEFT SIDE,MILPITAS,CA,950358041,34093409,5,100,14,F82FC8510000000000003BE02469B6AE00000010BE,E7F82FC8513BE02469B6AE000000000010,E7017261646975736E6574776F726B7307
000017,1986107,STONERIDGE MALL,1    STONERIDGE MALL RD,TOUCH SCREEN,PLEASANTON,CA,945883281,34093409,5,100,14,F82FC8510000000000003BE02469B6AE00000011BE,E7F82FC8513BE02469B6AE000000000011,E7017261646975736E6574776F726B7307
000018,3977623,LIVERMORE VALLEY PREMIUM,2774 PARAGON OUTLETS DR,I/S NIKE 20Z,LIVERMORE,CA,94551,34093409,5,100,14,F82FC8510000000000003BE02469B6AE00000012BE,E7F82FC8513BE02469B6AE000000000012,E7017261646975736E6574776F726B7307
000019,3977620,LIVERMORE VALLEY PREMIUM,2774 PARAGON OUTLETS DR,I/S HURLEY 20Z,LIVERMORE,CA,94551,34093409,5,100,14,F82FC8510000000000003BE02469B6AE00000013BE,E7F82FC8513BE02469B6AE000000000013,E7017261646975736E6574776F726B7307
000020,1171855,GREAT MALL CCIV MARSHALLS,447  GREAT MALL DR,MARSHALLS,MILPITAS,CA,950358041,34093409,5,100,14,F82FC8510000000000003BE02469B6AE00000014BE,E7F82FC8513BE02469B6AE000000000014,E7017261646975736E6574776F726B7307
000021,1171853,GREAT MALL GFV NIKE,447  GREAT MALL DR,NIKE,MILPITAS,CA,950358041,34093409,5,100,14,F82FC8510000000000003BE02469B6AE00000015BE,E7F82FC8513BE02469B6AE000000000015,E7017261646975736E6574776F726B7307
000022,1171859,GREAT MALL GFV STARBUCKS,447  GREAT MALL DR,STARBUCKS,MILPITAS,CA,950358041,34093409,5,100,14,F82FC8510000000000003BE02469B6AE00000016BE,E7F82FC8513BE02469B6AE000000000016,E7017261646975736E6574776F726B7307
000023,1220744,STONERIDGE MALL FS,1    STONERIDGE MALL RD,GFV DOWNSTAIRS BY I,PLEASANTON,CA,945883281,34093409,5,100,14,F82FC8510000000000003BE02469B6AE00000017BE,E7F82FC8513BE02469B6AE000000000017,E7017261646975736E6574776F726B7307
000024,1296883,GREAT MALL CCIV MARSHALLS,447  GREAT MALL DR,MARSHALLS,MILPITAS,CA,950358041,34093409,5,100,14,F82FC8510000000000003BE02469B6AE00000018BE,E7F82FC8513BE02469B6AE000000000018,E7017261646975736E6574776F726B7307
000025,3977608,LIVERMORE VALLEY PREMIUM,2774 PARAGON OUTLETS DR,I/S HELZBERG DIAMON,LIVERMORE,CA,94551,34093409,5,100,14,F82FC8510000000000003BE02469B6AE00000019BE,E7F82FC8513BE02469B6AE000000000019,E7017261646975736E6574776F726B7307
000026,4837971,LIVERMORE VALLEY PREMIUM,2774 PARAGON OUTLETS DR,NEAR UGG STORE PHAS,LIVERMORE,CA,945514204,34093409,5,100,14,F82FC8510000000000003BE02469B6AE0000001ABE,E7F82FC8513BE02469B6AE00000000001a,E7017261646975736E6574776F726B7307
000027,3977611,LIVERMORE VALLEY PREMIUM,2774 PARAGON OUTLETS DR,I/S OUTLETS LUCY MU,LIVERMORE,CA,94551,34093409,5,100,14,F82FC8510000000000003BE02469B6AE0000001BBE,E7F82FC8513BE02469B6AE00000000001b,E7017261646975736E6574776F726B7307
000028,3977621,LIVERMORE VALLEY PREMIUM,2774 PARAGON OUTLETS DR,I/S VAN HEUSEN 20Z,LIVERMORE,CA,94551,34093409,5,100,14,F82FC8510000000000003BE02469B6AE0000001CBE,E7F82FC8513BE02469B6AE00000000001c,E7017261646975736E6574776F726B7307
000029,3977622,LIVERMORE VALLEY PREMIUM,2774 PARAGON OUTLETS DR,I/S NEW BALANCE 20Z,LIVERMORE,CA,94551,34093409,5,100,14,F82FC8510000000000003BE02469B6AE0000001DBE,E7F82FC8513BE02469B6AE00000000001d,E7017261646975736E6574776F726B7307
000030,8291425,GREAT MALL GFV BURLINGTN,447  GREAT MALL DR,BURLINGTON COAT FAC,MILPITAS,CA,950358041,34093409,5,100,14,F82FC8510000000000003BE02469B6AE0000001EBE,E7F82FC8513BE02469B6AE00000000001e,E7017261646975736E6574776F726B7307
000031,1233896,GREAT MALL GFV CHAMPS,447  GREAT MALL DR,CHAMPS,MILPITAS,CA,950358041,34093409,5,100,14,F82FC8510000000000003BE02469B6AE0000001FBE,E7F82FC8513BE02469B6AE00000000001f,E7017261646975736E6574776F726B7307
000032,3977615,LIVERMORE VALLEY PREMIUM,2774 PARAGON OUTLETS DR,O/S HURLEY MULTI,LIVERMORE,CA,94551,34093409,5,100,14,F82FC8510000000000003BE02469B6AE00000020BE,E7F82FC8513BE02469B6AE000000000020,E7017261646975736E6574776F726B7307
000033,3977612,LIVERMORE VALLEY PREMIUM,2774 PARAGON OUTLETS DR,I/S OUTLETS AEROSOL,LIVERMORE,CA,94551,34093409,5,100,14,F82FC8510000000000003BE02469B6AE00000021BE,E7F82FC8513BE02469B6AE000000000021,E7017261646975736E6574776F726B7307
000034,8291426,GREAT MALL GFV BURLINGTN,447  GREAT MALL DR,BURLINGTON COAT FAC,MILPITAS,CA,950358041,34093409,5,100,14,F82FC8510000000000003BE02469B6AE00000022BE,E7F82FC8513BE02469B6AE000000000022,E7017261646975736E6574776F726B7307
000035,1986264,WESTFIELD SF CENTER ADIDAS,865  MARKET ST,M2 ADIDAS STORE,SAN FRANCISCO,CA,941031900,34093409,5,100,14,F82FC8510000000000003BE02469B6AE00000023BE,E7F82FC8513BE02469B6AE000000000023,E7017261646975736E6574776F726B7307
000036,1986108,STONERIDGE MALL,1    STONERIDGE MALL RD,FRONT OF MRS FIELDS,PLEASANTON,CA,945883281,34093409,5,100,14,F82FC8510000000000003BE02469B6AE00000024BE,E7F82FC8513BE02469B6AE000000000024,E7017261646975736E6574776F726B7307
000037,3977618,LIVERMORE VALLEY PREMIUM,2774 PARAGON OUTLETS DR,O/S NEAR NIKEI,LIVERMORE,CA,94551,34093409,5,100,14,F82FC8510000000000003BE02469B6AE00000025BE,E7F82FC8513BE02469B6AE000000000025,E7017261646975736E6574776F726B7307
000038,4668398,GREAT MALL GFV SPENCERS,447  GREAT MALL DR,I/S BY SPENCERS 20Z,MILPITAS,CA,950358041,34093409,5,100,14,F82FC8510000000000003BE02469B6AE00000026BE,E7F82FC8513BE02469B6AE000000000026,E7017261646975736E6574776F726B7307
000039,3899956,SANTANA ROW LB 1ST FL,355  SANTANA ROW,LEFT BANK 1ST FL,SAN JOSE,CA,951282049,34093409,5,100,14,F82FC8510000000000003BE02469B6AE00000027BE,E7F82FC8513BE02469B6AE000000000027,E7017261646975736E6574776F726B7307
000040,3977606,LIVERMORE VALLEY PREMIUM,2774 PARAGON OUTLETS DR,I/S LUCY 20Z,LIVERMORE,CA,94551,34093409,5,100,14,F82FC8510000000000003BE02469B6AE00000028BE,E7F82FC8513BE02469B6AE000000000028,E7017261646975736E6574776F726B7307
000041,1204904,WESTFIELD OAKRIDGE NORDS RACK,925  BLOSSOM HILL RD STE 2005,I/S MALL ENTR,SAN JOSE,CA,951231239,34093409,5,100,14,F82FC8510000000000003BE02469B6AE00000029BE,E7F82FC8513BE02469B6AE000000000029,E7017261646975736E6574776F726B7307
000042,1171856,GREAT MALL GFV NIKEI,447  GREAT MALL DR,NIKE,MILPITAS,CA,950358041,34093409,5,100,14,F82FC8510000000000003BE02469B6AE0000002ABE,E7F82FC8513BE02469B6AE00000000002a,E7017261646975736E6574776F726B7307
000043,2210776,WESTFIELD SF CENTER CUBBY LOCA,865  MARKET ST,CUBBY C LEVEL,SAN FRANCISCO,CA,941031900,34093409,5,100,14,F82FC8510000000000003BE02469B6AE0000002BBE,E7F82FC8513BE02469B6AE00000000002b,E7017261646975736E6574776F726B7307
000044,2210777,WESTFIELD SF CENTER CUBBY LOCA,865  MARKET ST,CUBBY C LEVEL,SAN FRANCISCO,CA,941031900,34093409,5,100,14,F82FC8510000000000003BE02469B6AE0000002CBE,E7F82FC8513BE02469B6AE00000000002c,E7017261646975736E6574776F726B7307
000045,4205614,GREAT MALL GFV BURLINGTN,447  GREAT MALL DR,BURLINGTON COAT FAC,MILPITAS,CA,950358041,34093409,5,100,14,F82FC8510000000000003BE02469B6AE0000002DBE,E7F82FC8513BE02469B6AE00000000002d,E7017261646975736E6574776F726B7307
000046,1220742,STONERIDGE MALL FS,1    STONERIDGE MALL RD,GFV SURF CITY,PLEASANTON,CA,945883281,34093409,5,100,14,F82FC8510000000000003BE02469B6AE0000002EBE,E7F82FC8513BE02469B6AE00000000002e,E7017261646975736E6574776F726B7307
000047,1146612,GREAT MALL GFV CENTURY,447  GREAT MALL DR,CENTURY RIGHT SIDE,MILPITAS,CA,950358041,34093409,5,100,14,F82FC8510000000000003BE02469B6AE0000002FBE,E7F82FC8513BE02469B6AE00000000002f,E7017261646975736E6574776F726B7307
000048,3977617,LIVERMORE VALLEY PREMIUM,2774 PARAGON OUTLETS DR,I/S NEW BALANCE MUL,LIVERMORE,CA,94551,34093409,5,100,14,F82FC8510000000000003BE02469B6AE00000030BE,E7F82FC8513BE02469B6AE000000000030,E7017261646975736E6574776F726B7307
000049,3977613,LIVERMORE VALLEY PREMIUM,2774 PARAGON OUTLETS DR,I/S HELZBERG DIAMON,LIVERMORE,CA,94551,34093409,5,100,14,F82FC8510000000000003BE02469B6AE00000031BE,E7F82FC8513BE02469B6AE000000000031,E7017261646975736E6574776F726B7307
000050,1220743,STONERIDGE MALL FS,1    STONERIDGE MALL RD,GFV ENTRY WAY C BOI,PLEASANTON,CA,945883281,34093409,5,100,14,F82FC8510000000000003BE02469B6AE00000032BE,E7F82FC8513BE02469B6AE000000000032,E7017261646975736E6574776F726B7307
000051,2210782,WESTFIELD SF CENTER CUBBY LOCA,865  MARKET ST,CUBBY C LEVEL,SAN FRANCISCO,CA,941031900,34093409,5,100,14,F82FC8510000000000003BE02469B6AE00000033BE,E7F82FC8513BE02469B6AE000000000033,E7017261646975736E6574776F726B7307
000052,1233895,GREAT MALL GFV CHAMPS,447  GREAT MALL DR,CHAMPS,MILPITAS,CA,950358041,34093409,5,100,14,F82FC8510000000000003BE02469B6AE00000034BE,E7F82FC8513BE02469B6AE000000000034,E7017261646975736E6574776F726B7307
000053,1735356,WESTFIELD VALLEY FAIR MALL,2855 STEVENS CREEK BLVD,NORDSTROMS 1 FL ESC,SANTA CLARA,CA,950506709,34093409,5,100,14,F82FC8510000000000003BE02469B6AE00000035BE,E7F82FC8513BE02469B6AE000000000035,E7017261646975736E6574776F726B7307
000054,3977616,LIVERMORE VALLEY PREMIUM,2774 PARAGON OUTLETS DR,I/S VAN HEUSEN MULT,LIVERMORE,CA,94551,34093409,5,100,14,F82FC8510000000000003BE02469B6AE00000036BE,E7F82FC8513BE02469B6AE000000000036,E7017261646975736E6574776F726B7307
000055,4205615,GREAT MALL GFV D AND B,447  GREAT MALL DR,DAVE AND BUSTERS,MILPITAS,CA,950358041,34093409,5,100,14,F82FC8510000000000003BE02469B6AE00000037BE,E7F82FC8513BE02469B6AE000000000037,E7017261646975736E6574776F726B7307
000056,1080549,GREAT MALL GFV VICTORIA SEC,447  GREAT MALL DR,VICTORIA SECRET,MILPITAS,CA,950358041,34093409,5,100,14,F82FC8510000000000003BE02469B6AE00000038BE,E7F82FC8513BE02469B6AE000000000038,E7017261646975736E6574776F726B7307
000057,1204905,WESTFIELD OAKRIDGE NORDS RACK,925  BLOSSOM HILL RD STE 2005,I/S MALL ENTR NORDS,SAN JOSE,CA,951231239,34093409,5,100,14,F82FC8510000000000003BE02469B6AE00000039BE,E7F82FC8513BE02469B6AE000000000039,E7017261646975736E6574776F726B7307
000058,2025151,WESTFIELD OAKRIDGE SEARS,925  BLOSSOM HILL RD,I/S MALL ENTR SEARS,SAN JOSE,CA,951231230,34093409,5,100,14,F82FC8510000000000003BE02469B6AE0000003ABE,E7F82FC8513BE02469B6AE00000000003a,E7017261646975736E6574776F726B7307
000059,4891781,LIVERMORE VALLEY PREMIUM,2774 PARAGON OUTLETS DR,NEAR OLD NAVY STORE,LIVERMORE,CA,94551,34093409,5,100,14,F82FC8510000000000003BE02469B6AE0000003BBE,E7F82FC8513BE02469B6AE00000000003b,E7017261646975736E6574776F726B7307
000060,4681018,WESTFIELD OAKRIDGE,925  BLOSSOM HILL RD,I/S TARGET MULTI,SAN JOSE,CA,951231230,34093409,5,100,14,F82FC8510000000000003BE02469B6AE0000003CBE,E7F82FC8513BE02469B6AE00000000003c,E7017261646975736E6574776F726B7307
000061,4668402,GREAT MALL GFV SPENCERS,447  GREAT MALL DR,I/S PENGUIN CLOTHIN,MILPITAS,CA,950358041,34093409,5,100,14,F82FC8510000000000003BE02469B6AE0000003DBE,E7F82FC8513BE02469B6AE00000000003d,E7017261646975736E6574776F726B7307
000062,3458517,GREAT MALL GFV SEC HALL,447  GREAT MALL DR,SECURITY HALLWAY,MILPITAS,CA,950358041,34093409,5,100,14,F82FC8510000000000003BE02469B6AE0000003EBE,E7F82FC8513BE02469B6AE00000000003e,E7017261646975736E6574776F726B7307
000063,4837975,LIVERMORE VALLEY PREMIUM,2774 PARAGON OUTLETS DR,NEAR MICHAEL KORS S,LIVERMORE,CA,945514204,34093409,5,100,14,F82FC8510000000000003BE02469B6AE0000003FBE,E7F82FC8513BE02469B6AE00000000003f,E7017261646975736E6574776F726B7307
000064,6526784,GOOD NITE INN,4135 CUSHING PKWY,FS COI LOBBY,FREMONT,CA,945386464,34093409,5,100,14,F82FC8510000000000003BE02469B6AE00000040BE,E7F82FC8513BE02469B6AE000000000040,E7017261646975736E6574776F726B7307
000065,4142127,TRAVEL TRADERS #701,333  O FARRELL,I/S HILTON FS VENDI,SAN FRANCISCO,CA,94102,34093409,5,100,14,F82FC8510000000000003BE02469B6AE00000041BE,E7F82FC8513BE02469B6AE000000000041,E7017261646975736E6574776F726B7307
000066,3977607,LIVERMORE VALLEY PREMIUM,2774 PARAGON OUTLETS DR,I/S AEROSOLES 20Z,LIVERMORE,CA,94551,34093409,5,100,14,F82FC8510000000000003BE02469B6AE00000042BE,E7F82FC8513BE02469B6AE000000000042,E7017261646975736E6574776F726B7307
000067,2141738,STONERIDGE MALL FS BOI,1    STONERIDGE MALL RD,2ND FLR SECURITY OF,PLEASANTON,CA,945883281,34093409,5,100,14,F82FC8510000000000003BE02469B6AE00000043BE,E7F82FC8513BE02469B6AE000000000043,E7017261646975736E6574776F726B7307
000068,3130933,GREAT MALL GFV D AND B,447  GREAT MALL DR,DAVE AND BUSTERS,MILPITAS,CA,950358041,34093409,5,100,14,F82FC8510000000000003BE02469B6AE00000044BE,E7F82FC8513BE02469B6AE000000000044,E7017261646975736E6574776F726B7307
000069,3896166,SANTANA ROW LB 1ST FL,355  SANTANA ROW,LEFT BANK 1ST FL,SAN JOSE,CA,951282049,34093409,5,100,14,F82FC8510000000000003BE02469B6AE00000045BE,E7F82FC8513BE02469B6AE000000000045,E7017261646975736E6574776F726B7307
000070,9992626,WESTFIELD VALLEY FAIR MALL,2855 STEVENS CREEK BLVD,PRKG A 2 FL ELEVATO,SANTA CLARA,CA,950506709,34093409,5,100,14,F82FC8510000000000003BE02469B6AE00000046BE,E7F82FC8513BE02469B6AE000000000046,E7017261646975736E6574776F726B7307
000071,4585699,SANTA CLARA UNIVERSITY,500  EL CAMINO REAL,BLDG 401 LEARNING L,SANTA CLARA,CA,950530001,34093409,5,100,14,F82FC8510000000000003BE02469B6AE00000047BE,E7F82FC8513BE02469B6AE000000000047,E7017261646975736E6574776F726B7307
000072,3130932,GREAT MALL GFV D AND B,447  GREAT MALL DR,DAVE AND BUSTERS,MILPITAS,CA,950358041,34093409,5,100,14,F82FC8510000000000003BE02469B6AE00000048BE,E7F82FC8513BE02469B6AE000000000048,E7017261646975736E6574776F726B7307
000073,3929757,SANTA CLARA UNIVERSITY,500  EL CAMINO REAL,BLDG 405 BANNAN HAL,SANTA CLARA,CA,950530001,34093409,5,100,14,F82FC8510000000000003BE02469B6AE00000049BE,E7F82FC8513BE02469B6AE000000000049,E7017261646975736E6574776F726B7307
000074,3709795,TRAVELODGE BY THE BAY,1450 LOMBARD ST,O/S 1ST FL MULTI,SAN FRANCISCO,CA,941233112,34093409,5,100,14,F82FC8510000000000003BE02469B6AE0000004ABE,E7F82FC8513BE02469B6AE00000000004a,E7017261646975736E6574776F726B7307
000075,4668358,GREAT MALL GFV BBBEYOND,447  GREAT MALL DR,I/S PENGUIN CLOTHIN,MILPITAS,CA,950358041,34093409,5,100,14,F82FC8510000000000003BE02469B6AE0000004BBE,E7F82FC8513BE02469B6AE00000000004b,E7017261646975736E6574776F726B7307
000076,4681012,WESTFIELD OAKRIDGE LANE,925  BLOSSOM HILL RD,I/S FRNT MULTI,SAN JOSE,CA,951231230,34093409,5,100,14,F82FC8510000000000003BE02469B6AE0000004CBE,E7F82FC8513BE02469B6AE00000000004c,E7017261646975736E6574776F726B7307
000077,3929768,SANTA CLARA UNIVERSITY,500  EL CAMINO REAL,BLDG 602 CASA ITALI,SANTA CLARA,CA,950530001,34093409,5,100,14,F82FC8510000000000003BE02469B6AE0000004DBE,E7F82FC8513BE02469B6AE00000000004d,E7017261646975736E6574776F726B7307
000078,3741286,VG STARLANE APARTMENT,272  LA PALA DR,I/S OFCE MULTI,SAN JOSE,CA,951272142,34093409,5,100,14,F82FC8510000000000003BE02469B6AE0000004EBE,E7F82FC8513BE02469B6AE00000000004e,E7017261646975736E6574776F726B7307
000079,3591758,VG BAY TERRACE,3204 CASA DE CAMPO,O/S LAUNDRY MACHINE,SAN MATEO,CA,944033000,34093409,5,100,14,F82FC8510000000000003BE02469B6AE0000004FBE,E7F82FC8513BE02469B6AE00000000004f,E7017261646975736E6574776F726B7307
000080,3929773,SANTA CLARA UNIVERSITY,500  EL CAMINO REAL,BLDG 405 BANNAN HAL,SANTA CLARA,CA,950530001,34093409,5,100,14,F82FC8510000000000003BE02469B6AE00000050BE,E7F82FC8513BE02469B6AE000000000050,E7017261646975736E6574776F726B7307
000081,3896163,SANTANA ROW PARK 1ALLEY,355  SANTANA ROW,ALLEY,SAN JOSE,CA,951282049,34093409,5,100,14,F82FC8510000000000003BE02469B6AE00000051BE,E7F82FC8513BE02469B6AE000000000051,E7017261646975736E6574776F726B7307
000082,4837973,LIVERMORE VALLEY PREMIUM,2774 PARAGON OUTLETS DR,NEAR OLD NAVY STORE,LIVERMORE,CA,945514204,34093409,5,100,14,F82FC8510000000000003BE02469B6AE00000052BE,E7F82FC8513BE02469B6AE000000000052,E7017261646975736E6574776F726B7307
000083,4684426,WESTFIELD OAKRIDGE,925  BLOSSOM HILL RD,I/S NORDSTROM RACK,SAN JOSE,CA,951231230,34093409,5,100,14,F82FC8510000000000003BE02469B6AE00000053BE,E7F82FC8513BE02469B6AE000000000053,E7017261646975736E6574776F726B7307
000084,1986263,VILLA FLORENCE HOTEL,225  POWELL ST,I/S EMPLOYEE AREA 1,SAN FRANCISCO,CA,941022205,34093409,5,100,14,F82FC8510000000000003BE02469B6AE00000054BE,E7F82FC8513BE02469B6AE000000000054,E7017261646975736E6574776F726B7307
000085,1066231,1700 CALIFORNIA FS,1700 CALIFORNIA ST SUITE A,COI LOBBY,SAN FRANCISCO,CA,941094586,34093409,5,100,14,F82FC8510000000000003BE02469B6AE00000055BE,E7F82FC8513BE02469B6AE000000000055,E7017261646975736E6574776F726B7307
000086,4808753,WESTFIELD VALLEY FAIR MALL,2855 STEVENS CREEK BLVD,1 FL PIC I/S CAL PI,SANTA CLARA,CA,950506709,34093409,5,100,14,F82FC8510000000000003BE02469B6AE00000056BE,E7F82FC8513BE02469B6AE000000000056,E7017261646975736E6574776F726B7307
000087,3896162,SANTANA ROW PARK 1ALLEY,355  SANTANA ROW,ALLEY,SAN JOSE,CA,951282049,34093409,5,100,14,F82FC8510000000000003BE02469B6AE00000057BE,E7F82FC8513BE02469B6AE000000000057,E7017261646975736E6574776F726B7307
000088,4442083,PIER 39 GARAGE FS BOI,     PIER 39,BOI 1ST LEVEL GARAG,SAN FRANCISCO,CA,941331007,34093409,5,100,14,F82FC8510000000000003BE02469B6AE00000058BE,E7F82FC8513BE02469B6AE000000000058,E7017261646975736E6574776F726B7307
000089,4442077,PIER 39 GARAGE FS BOI,     PIER 39,BOI 1ST FLOOR,SAN FRANCISCO,CA,941331007,34093409,5,100,14,F82FC8510000000000003BE02469B6AE00000059BE,E7F82FC8513BE02469B6AE000000000059,E7017261646975736E6574776F726B7307
000090,3929748,SANTA CLARA UNIVERSITY,500  EL CAMINO REAL,BLDG 307 SWIG HALL,SANTA CLARA,CA,950530001,34093409,5,100,14,F82FC8510000000000003BE02469B6AE0000005ABE,E7F82FC8513BE02469B6AE00000000005a,E7017261646975736E6574776F726B7307
000091,4103337,CALIFORNIAS GREAT AMERICA,2401 AGNEW RD,EE ASSOCIATED SERVI,SANTA CLARA,CA,950541201,34093409,5,100,14,F82FC8510000000000003BE02469B6AE0000005BBE,E7F82FC8513BE02469B6AE00000000005b,E7017261646975736E6574776F726B7307
000092,1171852,GREAT MALL GFV BBBEYOND,447  GREAT MALL DR,BED BATH BEYOND,MILPITAS,CA,950358041,34093409,5,100,14,F82FC8510000000000003BE02469B6AE0000005CBE,E7F82FC8513BE02469B6AE00000000005c,E7017261646975736E6574776F726B7307
000093,3130935,GREAT MALL GFV 4EVER 21,447  GREAT MALL DR,FOREVER 21,MILPITAS,CA,950358041,34093409,5,100,14,F82FC8510000000000003BE02469B6AE0000005DBE,E7F82FC8513BE02469B6AE00000000005d,E7017261646975736E6574776F726B7307
000094,8593667,GOLDEN BEAR MOTEL FS COI,1620 SAN PABLO AVE,CANS VENDOR,BERKELEY,CA,947021393,34093409,5,100,14,F82FC8510000000000003BE02469B6AE0000005EBE,E7F82FC8513BE02469B6AE00000000005e,E7017261646975736E6574776F726B7307
000095,4103331,CALIFORNIAS GREAT AMERICA,2401 AGNEW RD,EE ASSOCIATED SERVI,SANTA CLARA,CA,950541201,34093409,5,100,14,F82FC8510000000000003BE02469B6AE0000005FBE,E7F82FC8513BE02469B6AE00000000005f,E7017261646975736E6574776F726B7307
000096,8985106,HOLIDAY 0323 INN FS BOI,1300 COLUMBUS AVE,4TH FLR VENDING ARE,SAN FRANCISCO,CA,941331328,34093409,5,100,14,F82FC8510000000000003BE02469B6AE00000060BE,E7F82FC8513BE02469B6AE000000000060,E7017261646975736E6574776F726B7307
000097,3393332,AMC THEATERS #04340,1000 VAN NESS AVE,I/S FRNT MULTI,SAN FRANCISCO,CA,941096973,34093409,5,100,14,F82FC8510000000000003BE02469B6AE00000061BE,E7F82FC8513BE02469B6AE000000000061,E7017261646975736E6574776F726B7307
000098,9431583,UNIV OF SAN FRANCISCO,2130 FULTON ST,KENDRICK HALL STL,SAN FRANCISCO,CA,941171080,34093409,5,100,14,F82FC8510000000000003BE02469B6AE00000062BE,E7F82FC8513BE02469B6AE000000000062,E7017261646975736E6574776F726B7307
000099,8980076,HOLIDAY 0323 INN FS BOI,1300 COLUMBUS AVE,1ST FL LOBBY VEND A,SAN FRANCISCO,CA,941331328,34093409,5,100,14,F82FC8510000000000003BE02469B6AE00000063BE,E7F82FC8513BE02469B6AE000000000063,E7017261646975736E6574776F726B7307
000100,3918100,VG EAVES WEST VALLEY,700  SARATOGA AVE,O/S NEAR POOL 1 20Z,SAN JOSE,CA,951292405,34093409,5,100,14,F82FC8510000000000003BE02469B6AE00000064BE,E7F82FC8513BE02469B6AE000000000064,E7017261646975736E6574776F726B7307
000101,2025197,VENDCO COURTYARD APTS,1465 65TH ST,BOI FITNESS CENTER,EMERYVILLE,CA,946081062,34093409,5,100,14,F82FC8510000000000003BE02469B6AE00000065BE,E7F82FC8513BE02469B6AE000000000065,E7017261646975736E6574776F726B7307
000102,1073005,CASA DE AMIGOS FS COI,1085 TASMAN DR,MAIN CLUB HOUSE RV8,SUNNYVALE,CA,940895001,34093409,5,100,14,F82FC8510000000000003BE02469B6AE00000066BE,E7F82FC8513BE02469B6AE000000000066,E7017261646975736E6574776F726B7307
000103,1914004,EL DORADO MOBIL PARK FS COI,600  E WEDDELL DR,COI INSIDE,SUNNYVALE,CA,940894732,34093409,5,100,14,F82FC8510000000000003BE02469B6AE00000067BE,E7F82FC8513BE02469B6AE000000000067,E7017261646975736E6574776F726B7307
000104,3896134,WVF MALL CPK1ST FLOOR #2,2855 STEVENS CREEK BLVD,I/S MALL ENT C PARK,SANTA CLARA,CA,950506709,34093409,5,100,14,F82FC8510000000000003BE02469B6AE00000068BE,E7F82FC8513BE02469B6AE000000000068,E7017261646975736E6574776F726B7307
000105,3918094,WESTGATE MALL,1600 SARATOGA AVE,FS BOI I/S ANY MOUN,SAN JOSE,CA,951295101,34093409,5,100,14,F82FC8510000000000003BE02469B6AE00000069BE,E7F82FC8513BE02469B6AE000000000069,E7017261646975736E6574776F726B7307
000106,9996982,WESTFIELD VALLEY FAIR MALL,2855 STEVENS CREEK BLVD,PRKG B 2 FL ELEVATO,SANTA CLARA,CA,950506709,34093409,5,100,14,F82FC8510000000000003BE02469B6AE0000006ABE,E7F82FC8513BE02469B6AE00000000006a,E7017261646975736E6574776F726B7307
000107,9996985,WESTFIELD VALLEY FAIR MALL,2855 STEVENS CREEK BLVD,O/S PRKG B 1 FL,SANTA CLARA,CA,950506709,34093409,5,100,14,F82FC8510000000000003BE02469B6AE0000006BBE,E7F82FC8513BE02469B6AE00000000006b,E7017261646975736E6574776F726B7307
000108,1849020,VG ALMADEN APTS,1501 ALMADEN EXPY,BOI O/S OFF 20Z,SAN JOSE,CA,951251259,34093409,5,100,14,F82FC8510000000000003BE02469B6AE0000006CBE,E7F82FC8513BE02469B6AE00000000006c,E7017261646975736E6574776F726B7307
000109,2116158,WESTFIELD VALLEY FAIR MALL,2855 STEVENS CREEK BLVD,PRKNG C 2 I/S LL CA,SANTA CLARA,CA,950506709,34093409,5,100,14,F82FC8510000000000003BE02469B6AE0000006DBE,E7F82FC8513BE02469B6AE00000000006d,E7017261646975736E6574776F726B7307
000110,4891777,LIVERMORE VALLEY PREMIUM,2774 PARAGON OUTLETS DR,RESTROOM BESIDE MIC,LIVERMORE,CA,94551,34093409,5,100,14,F82FC8510000000000003BE02469B6AE0000006EBE,E7F82FC8513BE02469B6AE00000000006e,E7017261646975736E6574776F726B7307
000111,4442079,PIER 39 GARAGE FS BOI,     PIER 39,BOI 3RD FLOOR GARAG,SAN FRANCISCO,CA,941331007,34093409,5,100,14,F82FC8510000000000003BE02469B6AE0000006FBE,E7F82FC8513BE02469B6AE00000000006f,E7017261646975736E6574776F726B7307
000112,3393331,AMC THEATERS #04340,1000 VAN NESS AVE,I/S 7TH FLR MULTI,SAN FRANCISCO,CA,941096973,34093409,5,100,14,F82FC8510000000000003BE02469B6AE00000070BE,E7F82FC8513BE02469B6AE000000000070,E7017261646975736E6574776F726B7307
000113,4837977,LIVERMORE VALLEY PREMIUM,2774 PARAGON OUTLETS DR,END OF EMPLOYEE HAL,LIVERMORE,CA,945514204,34093409,5,100,14,F82FC8510000000000003BE02469B6AE00000071BE,E7F82FC8513BE02469B6AE000000000071,E7017261646975736E6574776F726B7307
000114,3130825,POINT ALAMEDA APTS FS COI,1380 BALLENA BLVD,COI OUTSIDE BY POOL,ALAMEDA,CA,945013607,34093409,5,100,14,F82FC8510000000000003BE02469B6AE00000072BE,E7F82FC8513BE02469B6AE000000000072,E7017261646975736E6574776F726B7307
000115,4358960,VG PLAZA SUITES HOTEL THE,3100 LAKESIDE DR,I/S PLAZA SUITES BR,SANTA CLARA,CA,950542804,34093409,5,100,14,F82FC8510000000000003BE02469B6AE00000073BE,E7F82FC8513BE02469B6AE000000000073,E7017261646975736E6574776F726B7307
000116,2924910,UHAUL,1575 BAYSHORE BLVD,I/S WAITING RM MULT,SAN FRANCISCO,CA,941243111,34093409,5,100,14,F82FC8510000000000003BE02469B6AE00000074BE,E7F82FC8513BE02469B6AE000000000074,E7017261646975736E6574776F726B7307
000117,4240908,STANFORD COURT HOTEL,905  CALIFORNIA ST,I/S FRNT MULTI,SAN FRANCISCO,CA,941082289,34093409,5,100,14,F82FC8510000000000003BE02469B6AE00000075BE,E7F82FC8513BE02469B6AE000000000075,E7017261646975736E6574776F726B7307
000118,2984515,WEST FIELD MALL,865  MARKET ST,C LEVEL PACSUN STOR,SAN FRANCISCO,CA,941031900,34093409,5,100,14,F82FC8510000000000003BE02469B6AE00000076BE,E7F82FC8513BE02469B6AE000000000076,E7017261646975736E6574776F726B7307
000119,3929722,BUDGET INN,16500FOOTHILL BLVD,I/S 2ND FL 20Z,SAN LEANDRO,CA,945781509,34093409,5,100,14,F82FC8510000000000003BE02469B6AE00000077BE,E7F82FC8513BE02469B6AE000000000077,E7017261646975736E6574776F726B7307
000120,8980083,HOLIDAY 0323 INN FS BOI,1300 COLUMBUS AVE,3RD FLR VEND AREA,SAN FRANCISCO,CA,941331328,34093409,5,100,14,F82FC8510000000000003BE02469B6AE00000078BE,E7F82FC8513BE02469B6AE000000000078,E7017261646975736E6574776F726B7307
000121,4103353,CALIFORNIAS GREAT AMERICA,2401 AGNEW RD,GAME GALLERY 2 STL,SANTA CLARA,CA,950541201,34093409,5,100,14,F82FC8510000000000003BE02469B6AE00000079BE,E7F82FC8513BE02469B6AE000000000079,E7017261646975736E6574776F726B7307
000122,1452592,VILLAGES PRO SHOP,5000 CRIBARI LN,PRO SHOP,SAN JOSE,CA,951351309,34093409,5,100,14,F82FC8510000000000003BE02469B6AE0000007ABE,E7F82FC8513BE02469B6AE00000000007a,E7017261646975736E6574776F726B7307
000123,3957214,GREAT MALL BOI OS ENTR4,447  GREAT MALL DR,O/S ENTRANCE 4 20Z,MILPITAS,CA,950358041,34093409,5,100,14,F82FC8510000000000003BE02469B6AE0000007BBE,E7F82FC8513BE02469B6AE00000000007b,E7017261646975736E6574776F726B7307
000124,1359011,VG BAY STREET APTS,5684 BAY ST,4TH FL NEXT TO BATH,EMERYVILLE,CA,946082451,34093409,5,100,14,F82FC8510000000000003BE02469B6AE0000007CBE,E7F82FC8513BE02469B6AE00000000007c,E7017261646975736E6574776F726B7307
000125,1342814,COVA HOTEL,655  ELLIS ST,7TH FL COVA HOTEL,SAN FRANCISCO,CA,941098027,34093409,5,100,14,F82FC8510000000000003BE02469B6AE0000007DBE,E7F82FC8513BE02469B6AE00000000007d,E7017261646975736E6574776F726B7307
000126,1887989,VEOLIA TRANSPORTATION,1750 BROADWAY,EMPLOYEE LOUNGE RV6,OAKLAND,CA,946122106,34093409,5,100,14,F82FC8510000000000003BE02469B6AE0000007EBE,E7F82FC8513BE02469B6AE00000000007e,E7017261646975736E6574776F726B7307
000127,8541816,UNIV OF SAN FRANCISCO,2130 FULTON ST,HAYES HEALY STL,SAN FRANCISCO,CA,941171080,34093409,5,100,14,F82FC8510000000000003BE02469B6AE0000007FBE,E7F82FC8513BE02469B6AE00000000007f,E7017261646975736E6574776F726B7307
000128,9976179,HOLIDAY INN EXPRESS,66   AIRPORT ACCESS RD,FS BOI 1 FL/COKE BT,OAKLAND,CA,946031078,34093409,5,100,14,F82FC8510000000000003BE02469B6AE00000080BE,E7F82FC8513BE02469B6AE000000000080,E7017261646975736E6574776F726B7307
000129,9671011,GOLDEN GATE FERRY FS BOI,1    FERRY PLZ,BOI OUTSIDE NEXT TO,SAN FRANCISCO,CA,941114212,34093409,5,100,14,F82FC8510000000000003BE02469B6AE00000081BE,E7F82FC8513BE02469B6AE000000000081,E7017261646975736E6574776F726B7307
000130,8064286,GOOD NITE INN,4135 CUSHING PKWY,FS DOI LOBBY COKE,FREMONT,CA,945386464,34093409,5,100,14,F82FC8510000000000003BE02469B6AE00000082BE,E7F82FC8513BE02469B6AE000000000082,E7017261646975736E6574776F726B7307
000131,1141280,UNIV OF SAN FRANCISCO,2130 FULTON ST,LOYALA VILLAGE BLDG,SAN FRANCISCO,CA,941171080,34093409,5,100,14,F82FC8510000000000003BE02469B6AE00000083BE,E7F82FC8513BE02469B6AE000000000083,E7017261646975736E6574776F726B7307
000132,3859381,PALO ALTO TRAVELODGE FS BOI,3255 EL CAMINO REAL,BOI OUTSIDE,PALO ALTO,CA,943062210,34093409,5,100,14,F82FC8510000000000003BE02469B6AE00000084BE,E7F82FC8513BE02469B6AE000000000084,E7017261646975736E6574776F726B7307
000133,4837969,LIVERMORE VALLEY PREMIUM,2774 PARAGON OUTLETS DR,RESTROOM BESIDE GOD,LIVERMORE,CA,945514204,34093409,5,100,14,F82FC8510000000000003BE02469B6AE00000085BE,E7F82FC8513BE02469B6AE000000000085,E7017261646975736E6574776F726B7307
000134,3696687,LA QUINTA INN AND SUITES,1390 EL CAMINO REAL,I/S 3RD FL 12Z,MILLBRAE,CA,940301411,34093409,5,100,14,F82FC8510000000000003BE02469B6AE00000086BE,E7F82FC8513BE02469B6AE000000000086,E7017261646975736E6574776F726B7307
000135,4870386,LIVERMORE VALLEY PREMIUM,2774 LIVERMORE OUTLETS DR,I/S NEAR MICHAEL KO,LIVERMORE,CA,945514204,34093409,5,100,14,F82FC8510000000000003BE02469B6AE00000087BE,E7F82FC8513BE02469B6AE000000000087,E7017261646975736E6574776F726B7307
000136,2471929,THE DYLAN,110  S EL CAMINO REAL,BOI OUTSIDE/OFFICE,MILLBRAE,CA,940303121,34093409,5,100,14,F82FC8510000000000003BE02469B6AE00000088BE,E7F82FC8513BE02469B6AE000000000088,E7017261646975736E6574776F726B7307
000137,5984992,UNIV OF SAN FRANCISCO,2130 FULTON ST,KENDRICK HALL CSD,SAN FRANCISCO,CA,941171080,34093409,5,100,14,F82FC8510000000000003BE02469B6AE00000089BE,E7F82FC8513BE02469B6AE000000000089,E7017261646975736E6574776F726B7307
000138,1647357,SUMMER HOUSE FS,433  BUENA VISTA AVE,BLDG 525 1ST FLOOR,ALAMEDA,CA,945011956,34093409,5,100,14,F82FC8510000000000003BE02469B6AE0000008ABE,E7F82FC8513BE02469B6AE00000000008a,E7017261646975736E6574776F726B7307
000139,3918096,WESTGATE MALL,1600 SARATOGA AVE,FS BOI I/S ANY MOUN,SAN JOSE,CA,951295101,34093409,5,100,14,F82FC8510000000000003BE02469B6AE0000008BBE,E7F82FC8513BE02469B6AE00000000008b,E7017261646975736E6574776F726B7307
000140,3929769,SANTA CLARA UNIVERSITY,500  EL CAMINO REAL,BLDG 506 SAN FILIPP,SANTA CLARA,CA,950530001,34093409,5,100,14,F82FC8510000000000003BE02469B6AE0000008CBE,E7F82FC8513BE02469B6AE00000000008c,E7017261646975736E6574776F726B7307
000141,2871359,HEARTLAND HOTEL FS COI,909  GEARY ST,COI CONFERENCE ROOM,SAN FRANCISCO,CA,941099056,34093409,5,100,14,F82FC8510000000000003BE02469B6AE0000008DBE,E7F82FC8513BE02469B6AE00000000008d,E7017261646975736E6574776F726B7307
000142,3899955,SANTANA ROW PARK 1CB,355  SANTANA ROW,CRATE N BARREL,SAN JOSE,CA,951282049,34093409,5,100,14,F82FC8510000000000003BE02469B6AE0000008EBE,E7F82FC8513BE02469B6AE00000000008e,E7017261646975736E6574776F726B7307
000143,4442078,PIER 39 GARAGE FS BOI,     PIER 39,BOI 3RD FLOOR GARAG,SAN FRANCISCO,CA,941331007,34093409,5,100,14,F82FC8510000000000003BE02469B6AE0000008FBE,E7F82FC8513BE02469B6AE00000000008f,E7017261646975736E6574776F726B7307
000144,9671016,GOLDEN GATE FERRY FS BOI,1    FERRY PLZ,BOI OUTSIDE,SAN FRANCISCO,CA,941114212,34093409,5,100,14,F82FC8510000000000003BE02469B6AE00000090BE,E7F82FC8513BE02469B6AE000000000090,E7017261646975736E6574776F726B7307
000145,9621071,VG LA QUINTA INN,20   AIPORT BLVD,659 1 FL FRNT BLDG,SOUTH SAN FRANCIS,CA,94080,34093409,5,100,14,F82FC8510000000000003BE02469B6AE00000091BE,E7F82FC8513BE02469B6AE000000000091,E7017261646975736E6574776F726B7307
000146,3929762,SANTA CLARA UNIVERSITY,500  EL CAMINO REAL,BLDG 1260 VILLAS CA,SANTA CLARA,CA,950530001,34093409,5,100,14,F82FC8510000000000003BE02469B6AE00000092BE,E7F82FC8513BE02469B6AE000000000092,E7017261646975736E6574776F726B7307
000147,4096810,CALIFORNIAS GREAT AMERICA,2401 AGNEW RD,EE FMC BREAKROOM 1,SANTA CLARA,CA,950541201,34093409,5,100,14,F82FC8510000000000003BE02469B6AE00000093BE,E7F82FC8513BE02469B6AE000000000093,E7017261646975736E6574776F726B7307
000148,3929756,SANTA CLARA UNIVERSITY,500  EL CAMINO REAL,BLDG 211 DALY CTR,SANTA CLARA,CA,950530001,34093409,5,100,14,F82FC8510000000000003BE02469B6AE00000094BE,E7F82FC8513BE02469B6AE000000000094,E7017261646975736E6574776F726B7307
000149,4096811,CALIFORNIAS GREAT AMERICA,2401 AGNEW RD,EE FMC BREAKROOM 2,SANTA CLARA,CA,950541201,34093409,5,100,14,F82FC8510000000000003BE02469B6AE00000095BE,E7F82FC8513BE02469B6AE000000000095,E7017261646975736E6574776F726B7307
000150,3918097,WESTGATE MALL,1600 SARATOGA AVE,FS BOI I/S BY ROSS,SAN JOSE,CA,951295101,34093409,5,100,14,F82FC8510000000000003BE02469B6AE00000096BE,E7F82FC8513BE02469B6AE000000000096,E7017261646975736E6574776F726B7307
000151,6091724,SAN LEANDRO RACQUET CL FS,2600 SAN LEANDRO BLVD,,SAN LEANDRO,CA,945785066,34093409,5,100,14,F82FC8510000000000003BE02469B6AE00000097BE,E7F82FC8513BE02469B6AE000000000097,E7017261646975736E6574776F726B7307
000152,4103370,CALIFORNIAS GREAT AMERICA,2401 AGNEW RD,GAME GALLERY 1 CSD,SANTA CLARA,CA,950541201,34093409,5,100,14,F82FC8510000000000003BE02469B6AE00000098BE,E7F82FC8513BE02469B6AE000000000098,E7017261646975736E6574776F726B7307
000153,8854903,UNIV OF SAN FRANCISCO,2130 FULTON ST,HAYES HEALY CSD,SAN FRANCISCO,CA,941171080,34093409,5,100,14,F82FC8510000000000003BE02469B6AE00000099BE,E7F82FC8513BE02469B6AE000000000099,E7017261646975736E6574776F726B7307
000154,4096812,CALIFORNIAS GREAT AMERICA,2401 AGNEW RD,EE FMC BREAKROOM 3,SANTA CLARA,CA,950541201,34093409,5,100,14,F82FC8510000000000003BE02469B6AE0000009ABE,E7F82FC8513BE02469B6AE00000000009a,E7017261646975736E6574776F726B7307
000155,1054242,SHRI JAI RANCCHODRAI FS BOI,3550 EL CAMINO REAL,IN GAME ROOM,SANTA CLARA,CA,950512136,34093409,5,100,14,F82FC8510000000000003BE02469B6AE0000009BBE,E7F82FC8513BE02469B6AE00000000009b,E7017261646975736E6574776F726B7307
000156,1647160,SHERATON HOTEL FISHERMAN WHARF,2500 MASON ST,2ND FLOOR MIDDLE,SAN FRANCISCO,CA,941331499,34093409,5,100,14,F82FC8510000000000003BE02469B6AE0000009CBE,E7F82FC8513BE02469B6AE00000000009c,E7017261646975736E6574776F726B7307
000157,3929754,SANTA CLARA UNIVERSITY,500  EL CAMINO REAL,BLDG 505 CAMPISI HA,SANTA CLARA,CA,950530001,34093409,5,100,14,F82FC8510000000000003BE02469B6AE0000009DBE,E7F82FC8513BE02469B6AE00000000009d,E7017261646975736E6574776F726B7307
000158,2956088,CALIFORNIA WELCOME CENTER,B12  PIER 39,I/S FRNT OF OFC MUL,SAN FRANCISCO,CA,94133,34093409,5,100,14,F82FC8510000000000003BE02469B6AE0000009EBE,E7F82FC8513BE02469B6AE00000000009e,E7017261646975736E6574776F726B7307
000159,8980081,HOLIDAY 0323 INN FS BOI,495  BEACH ST,2ND FLR VENDING ARE,SAN FRANCISCO,CA,941331328,34093409,5,100,14,F82FC8510000000000003BE02469B6AE0000009FBE,E7F82FC8513BE02469B6AE00000000009f,E7017261646975736E6574776F726B7307
000160,8553943,UNIV OF SAN FRANCISCO,2130 FULTON ST,KORET CSD,SAN FRANCISCO,CA,941171080,34093409,5,100,14,F82FC8510000000000003BE02469B6AE000000A0BE,E7F82FC8513BE02469B6AE0000000000a0,E7017261646975736E6574776F726B7307
000161,4641686,SAN ANTONIO PLACE,210  SAN ANTONIO CIR,I/S FRNT MULTI,MOUNTAIN VIEW,CA,940405307,34093409,5,100,14,F82FC8510000000000003BE02469B6AE000000A1BE,E7F82FC8513BE02469B6AE0000000000a1,E7017261646975736E6574776F726B7307
000162,1647356,SUMMER HOUSE FS,433  BUENA VISTA AVE,BLDG 523 1ST FLOOR,ALAMEDA,CA,945011956,34093409,5,100,14,F82FC8510000000000003BE02469B6AE000000A2BE,E7F82FC8513BE02469B6AE0000000000a2,E7017261646975736E6574776F726B7307
000163,9519806,UNIV OF SAN FRANCISCO,2130 FULTON ST,PHELAN HALL CSD,SAN FRANCISCO,CA,941171080,34093409,5,100,14,F82FC8510000000000003BE02469B6AE000000A3BE,E7F82FC8513BE02469B6AE0000000000a3,E7017261646975736E6574776F726B7307
000164,3850612,WESTFIELD OAKRIDGE OS SECURITY,925  BLOSSOM HILL RD,O/S  SECURITY ENTR,SAN JOSE,CA,951231230,34093409,5,100,14,F82FC8510000000000003BE02469B6AE000000A4BE,E7F82FC8513BE02469B6AE0000000000a4,E7017261646975736E6574776F726B7307
000165,2210663,CEDAR GLEN APTS FS BOI,2275 S BASCOM AVE,O/S OFC FS BOI 20Z,CAMPBELL,CA,950084353,34093409,5,100,14,F82FC8510000000000003BE02469B6AE000000A5BE,E7F82FC8513BE02469B6AE0000000000a5,E7017261646975736E6574776F726B7307
000166,3075745,VG RODEWAY INN FS BOI,101  9TH ST,BOI OUTSIDE,SAN FRANCISCO,CA,941032602,34093409,5,100,14,F82FC8510000000000003BE02469B6AE000000A6BE,E7F82FC8513BE02469B6AE0000000000a6,E7017261646975736E6574776F726B7307
000167,3534036,VG BALLENA VILLAGE,1375 BALLENA BLVD,I/S BLG 527 2ND FL,ALAMEDA,CA,945013606,34093409,5,100,14,F82FC8510000000000003BE02469B6AE000000A7BE,E7F82FC8513BE02469B6AE0000000000a7,E7017261646975736E6574776F726B7307
000168,9621081,VG LA QUINTA INN,20   AIPORT BLVD,659 8 FL 1 FL BLDG,SOUTH SAN FRANCIS,CA,94080,34093409,5,100,14,F82FC8510000000000003BE02469B6AE000000A8BE,E7F82FC8513BE02469B6AE0000000000a8,E7017261646975736E6574776F726B7307
000169,8291413,CEDAR GLEN APTS COI,2275 S BASCOM AVE,NEAR OFFICE,CAMPBELL,CA,950084353,34093409,5,100,14,F82FC8510000000000003BE02469B6AE000000A9BE,E7F82FC8513BE02469B6AE0000000000a9,E7017261646975736E6574776F726B7307
000170,3896152,SANTANA ROW GARAGE 1,355  SANTANA ROW,CRATE N BARREL,SAN JOSE,CA,951282049,34093409,5,100,14,F82FC8510000000000003BE02469B6AE000000AABE,E7F82FC8513BE02469B6AE0000000000aa,E7017261646975736E6574776F726B7307
000171,3800082,VG EDGEWATER,355  BERRY ST,I/S 20Z,SAN FRANCISCO,CA,941581567,34093409,5,100,14,F82FC8510000000000003BE02469B6AE000000ABBE,E7F82FC8513BE02469B6AE0000000000ab,E7017261646975736E6574776F726B7307
000172,3499118,SHERATON PLEASANTON,5990 STONERIDGE MALL RD,I/S EMP BRKRM 12Z,PLEASANTON,CA,945883229,34093409,5,100,14,F82FC8510000000000003BE02469B6AE000000ACBE,E7F82FC8513BE02469B6AE0000000000ac,E7017261646975736E6574776F726B7307
000173,3929778,SANTA CLARA UNIVERSITY,500  EL CAMINO REAL,BLDG 307 SWIG HALL,SANTA CLARA,CA,950530001,34093409,5,100,14,F82FC8510000000000003BE02469B6AE000000ADBE,E7F82FC8513BE02469B6AE0000000000ad,E7017261646975736E6574776F726B7307
000174,3130934,GREAT MALL BOI OS ENTR4,447  GREAT MALL DR,O/S ENTRANCE 4,MILPITAS,CA,950358041,34093409,5,100,14,F82FC8510000000000003BE02469B6AE000000AEBE,E7F82FC8513BE02469B6AE0000000000ae,E7017261646975736E6574776F726B7307
000175,4572259,HOLIDAY INN EXPRESS,550  N POINT ST,I/S 3RD FLOOR,SAN FRANCISCO,CA,941331312,34093409,5,100,14,F82FC8510000000000003BE02469B6AE000000AFBE,E7F82FC8513BE02469B6AE0000000000af,E7017261646975736E6574776F726B7307
000176,4672263,WESTFIELD VALLEY FAIR MALL,2855 STEVENS CREEK BLVD,PRKG A I/S NR MACYM,SANTA CLARA,CA,950506709,34093409,5,100,14,F82FC8510000000000003BE02469B6AE000000B0BE,E7F82FC8513BE02469B6AE0000000000b0,E7017261646975736E6574776F726B7307
000177,4316378,IMPACT TRANSLOAD,2498 W 19TH ST,O/S BLDG 806 MULTI,OAKLAND,CA,946075030,34093409,5,100,14,F82FC8510000000000003BE02469B6AE000000B1BE,E7F82FC8513BE02469B6AE0000000000b1,E7017261646975736E6574776F726B7307
000178,3963196,SANTA CLARA UNIVERSITY,500    EL CAMINO REAL,BLDG 501 GRAHAM HAL,SANTA CLARA,CA,950530001,34093409,5,100,14,F82FC8510000000000003BE02469B6AE000000B2BE,E7F82FC8513BE02469B6AE0000000000b2,E7017261646975736E6574776F726B7307
000179,1107638,DAYS INN,895  GEARY,MOTEL 6,SAN FRANCISCO,CA,941097217,34093409,5,100,14,F82FC8510000000000003BE02469B6AE000000B3BE,E7F82FC8513BE02469B6AE0000000000b3,E7017261646975736E6574776F726B7307
000180,3397330,VG ALMADEN APTS,1501 ALMADEN EXPY,#2 O/S OFC,SAN JOSE,CA,951251259,34093409,5,100,14,F82FC8510000000000003BE02469B6AE000000B4BE,E7F82FC8513BE02469B6AE0000000000b4,E7017261646975736E6574776F726B7307
000181,3992015,VG CERANO,501  MURPHY RANCH RD,I/S FRNT MULTI,MILPITAS,CA,950357913,34093409,5,100,14,F82FC8510000000000003BE02469B6AE000000B5BE,E7F82FC8513BE02469B6AE0000000000b5,E7017261646975736E6574776F726B7307
000182,4572258,HOLIDAY INN EXPRESS,550  N POINT ST,I/S 4TH FLOOR,SAN FRANCISCO,CA,941331312,34093409,5,100,14,F82FC8510000000000003BE02469B6AE000000B6BE,E7F82FC8513BE02469B6AE0000000000b6,E7017261646975736E6574776F726B7307
000183,9992627,WESTFIELD VALLEY FAIR MALL,2855 STEVENS CREEK BLVD,PRKG A 2 FL ELEVATO,SANTA CLARA,CA,950506709,34093409,5,100,14,F82FC8510000000000003BE02469B6AE000000B7BE,E7F82FC8513BE02469B6AE0000000000b7,E7017261646975736E6574776F726B7307
000184,9992620,WESTFIELD VALLEY FAIR MALL,2855 STEVENS CREEK BLVD,PRKG A 2 FL ELEVATO,SANTA CLARA,CA,950506709,34093409,5,100,14,F82FC8510000000000003BE02469B6AE000000B8BE,E7F82FC8513BE02469B6AE0000000000b8,E7017261646975736E6574776F726B7307
000185,4672264,WESTFIELD VALLEY FAIR MALL,2855 STEVENS CREEK BLVD,I/S CTR MALL ENTRNC,SANTA CLARA,CA,950506709,34093409,5,100,14,F82FC8510000000000003BE02469B6AE000000B9BE,E7F82FC8513BE02469B6AE0000000000b9,E7017261646975736E6574776F726B7307
000186,4572260,HOLIDAY INN EXPRESS,550  N POINT ST,I/S 2ND FLOOR,SAN FRANCISCO,CA,941331312,34093409,5,100,14,F82FC8510000000000003BE02469B6AE000000BABE,E7F82FC8513BE02469B6AE0000000000ba,E7017261646975736E6574776F726B7307
000187,1331531,SEAHORSE RANCH,1828 CABRILLO HWY,VENDING AREA,HALF MOON BAY,CA,940191412,34093409,5,100,14,F82FC8510000000000003BE02469B6AE000000BBBE,E7F82FC8513BE02469B6AE0000000000bb,E7017261646975736E6574776F726B7307
000188,1849252,BEST WESTERN AMERICANIA HOTEL,121  7TH ST,LOBBY 2 20Z,SAN FRANCISCO,CA,941032835,34093409,5,100,14,F82FC8510000000000003BE02469B6AE000000BCBE,E7F82FC8513BE02469B6AE0000000000bc,E7017261646975736E6574776F726B7307
000189,6158427,WESTFIELD SF CENTRE FS BOI,865  MARKET ST,BOI LOADING DOCK,SAN FRANCISCO,CA,941031900,34093409,5,100,14,F82FC8510000000000003BE02469B6AE000000BDBE,E7F82FC8513BE02469B6AE0000000000bd,E7017261646975736E6574776F726B7307
000190,9535307,VG ALMADEN LAKE VLG APTS BOI,1045 COLEMAN RD,BOI LUNDRY RM #1,SAN JOSE,CA,951236734,34093409,5,100,14,F82FC8510000000000003BE02469B6AE000000BEBE,E7F82FC8513BE02469B6AE0000000000be,E7017261646975736E6574776F726B7307
000191,3142209,REDWOOD INN FS BOI,1530 LOMBARD ST,BOI OUTSIDE,SAN FRANCISCO,CA,941233114,34093409,5,100,14,F82FC8510000000000003BE02469B6AE000000BFBE,E7F82FC8513BE02469B6AE0000000000bf,E7017261646975736E6574776F726B7307
000192,8980078,HOLIDAY 0323 INNFISHERMAN WHAR,1300 COLUMBUS AVE,2ND FLOOR VEND AREA,SAN FRANCISCO,CA,941331328,34093409,5,100,14,F82FC8510000000000003BE02469B6AE000000C0BE,E7F82FC8513BE02469B6AE0000000000c0,E7017261646975736E6574776F726B7307
000193,1171854,GREAT MALL GFV BBBEYOND,447  GREAT MALL DR,BED BATH BEYOND,MILPITAS,CA,950358041,34093409,5,100,14,F82FC8510000000000003BE02469B6AE000000C1BE,E7F82FC8513BE02469B6AE0000000000c1,E7017261646975736E6574776F726B7307
000194,9976180,HOLIDAY INN EXPRESS,66   AIRPORT ACCESS RD,FS BOI 2 FL/COKE BT,OAKLAND,CA,946031078,34093409,5,100,14,F82FC8510000000000003BE02469B6AE000000C2BE,E7F82FC8513BE02469B6AE0000000000c2,E7017261646975736E6574776F726B7307
000195,1675082,OCEANO HOTEL AND SPA,280  CAPISTRANO RD,1ST FL NEXT TO ICE,HALF MOON BAY,CA,940194043,34093409,5,100,14,F82FC8510000000000003BE02469B6AE000000C3BE,E7F82FC8513BE02469B6AE0000000000c3,E7017261646975736E6574776F726B7307
000196,4585700,SANTA CLARA UNIVERSITY,500  EL CAMINO REAL,BLDG 306 KENNEDY CO,SANTA CLARA,CA,950530001,34093409,5,100,14,F82FC8510000000000003BE02469B6AE000000C4BE,E7F82FC8513BE02469B6AE0000000000c4,E7017261646975736E6574776F726B7307
000197,3792433,WESTFIELD METREON,101  4TH ST,I/S LOADING DOCKS M,SAN FRANCISCO,CA,941033003,34093409,5,100,14,F82FC8510000000000003BE02469B6AE000000C5BE,E7F82FC8513BE02469B6AE0000000000c5,E7017261646975736E6574776F726B7307
000198,3929770,SANTA CLARA UNIVERSITY,500  EL CAMINO REAL,BLDG 605 SOBRATO HA,SANTA CLARA,CA,950530001,34093409,5,100,14,F82FC8510000000000003BE02469B6AE000000C6BE,E7F82FC8513BE02469B6AE0000000000c6,E7017261646975736E6574776F726B7307
000199,1286409,PLEASANTON GLEN APARTMENTS,3955 VINEYARD AVE,WORKOUT AREA,PLEASANTON,CA,945666768,34093409,5,100,14,F82FC8510000000000003BE02469B6AE000000C7BE,E7F82FC8513BE02469B6AE0000000000c7,E7017261646975736E6574776F726B7307
000200,4305022,VG CALIFORNIA RIPPED FITNESS,1035 E CAPITOL EXPY,I/S LOBBY 20Z,SAN JOSE,CA,951212415,34093409,5,100,14,F82FC8510000000000003BE02469B6AE000000C8BE,E7F82FC8513BE02469B6AE0000000000c8,E7017261646975736E6574776F726B7307
000201,4819899,GRACE BAPTIST,484  E SAN FERNANDO ST,FSV OS I/S GRACE BP,SAN JOSE,CA,951123598,34093409,5,100,14,F82FC8510000000000003BE02469B6AE000000C9BE,E7F82FC8513BE02469B6AE0000000000c9,E7017261646975736E6574776F726B7307
000202,2768430,BROOK FUNITURE RENTAL FS COI,30985SANTANA ST,COI WAREHOUSE,HAYWARD,CA,945447029,34093409,5,100,14,F82FC8510000000000003BE02469B6AE000000CABE,E7F82FC8513BE02469B6AE0000000000ca,E7017261646975736E6574776F726B7307
000203,3378748,SUNNYVALE TOWN CTR APT,201  W CALIFORNIA ST,I/S OFC MULTI,SUNNYVALE,CA,94086,34093409,5,100,14,F82FC8510000000000003BE02469B6AE000000CBBE,E7F82FC8513BE02469B6AE0000000000cb,E7017261646975736E6574776F726B7307
000204,3792435,WESTFIELD METREON,101  4TH ST,I/S BASEMENT MULTI,SAN FRANCISCO,CA,941033003,34093409,5,100,14,F82FC8510000000000003BE02469B6AE000000CCBE,E7F82FC8513BE02469B6AE0000000000cc,E7017261646975736E6574776F726B7307
000205,4808719,WESTFIELD VALLEY FAIR MALL,2855 STEVENS CREEK BLVD,PRKG A 2FL I/S NR M,SANTA CLARA,CA,950506709,34093409,5,100,14,F82FC8510000000000003BE02469B6AE000000CDBE,E7F82FC8513BE02469B6AE0000000000cd,E7017261646975736E6574776F726B7307
000206,1647161,SHERATON HOTEL FISHERMAN WHARF,2500 MASON ST,3RD FLOOR MIDDLE,SAN FRANCISCO,CA,941331499,34093409,5,100,14,F82FC8510000000000003BE02469B6AE000000CEBE,E7F82FC8513BE02469B6AE0000000000ce,E7017261646975736E6574776F726B7307
000207,3929775,SANTA CLARA UNIVERSITY,500  EL CAMINO REAL,BLDG 604 FACILITIES,SANTA CLARA,CA,950530001,34093409,5,100,14,F82FC8510000000000003BE02469B6AE000000CFBE,E7F82FC8513BE02469B6AE0000000000cf,E7017261646975736E6574776F726B7307
000208,2116167,HIGHLAND GARDEN APTS FS COI,234  ESCUELA AVE,COI OUTSIDE BY POOL,MOUNTAIN VIEW,CA,940401877,34093409,5,100,14,F82FC8510000000000003BE02469B6AE000000D0BE,E7F82FC8513BE02469B6AE0000000000d0,E7017261646975736E6574776F726B7307
000209,7107335,UNIV OF SAN FRANCISCO,2130 FULTON ST,GILSON HALL CSD,SAN FRANCISCO,CA,941171080,34093409,5,100,14,F82FC8510000000000003BE02469B6AE000000D1BE,E7F82FC8513BE02469B6AE0000000000d1,E7017261646975736E6574776F726B7307
000210,3799953,GRANADA INN,2515 EL CAMINO REAL,I/S FRNT 20Z,SANTA CLARA,CA,950513094,34093409,5,100,14,F82FC8510000000000003BE02469B6AE000000D2BE,E7F82FC8513BE02469B6AE0000000000d2,E7017261646975736E6574776F726B7307
000211,1718268,UNIV OF SAN FRANCISCO,3120 FULTON ST,XAVIER,SAN FRANCISCO,CA,941183813,34093409,5,100,14,F82FC8510000000000003BE02469B6AE000000D3BE,E7F82FC8513BE02469B6AE0000000000d3,E7017261646975736E6574776F726B7307
000212,1986293,LA QUINTA INN AND SUITES,6275 DUBLIN BLVD,I/S SECOND FL MULTI,DUBLIN,CA,945687573,34093409,5,100,14,F82FC8510000000000003BE02469B6AE000000D4BE,E7F82FC8513BE02469B6AE0000000000d4,E7017261646975736E6574776F726B7307
000213,3785864,GRANADA INN,2515 EL CAMINO REAL,I/S LOBBY ENTRANCE,SANTA CLARA,CA,950513094,34093409,5,100,14,F82FC8510000000000003BE02469B6AE000000D5BE,E7F82FC8513BE02469B6AE0000000000d5,E7017261646975736E6574776F726B7307
000214,6158428,WESTFIELD SF CENTRE FS DOI,865  MARKET ST,DOI LOADING DOCK,SAN FRANCISCO,CA,941031900,34093409,5,100,14,F82FC8510000000000003BE02469B6AE000000D6BE,E7F82FC8513BE02469B6AE0000000000d6,E7017261646975736E6574776F726B7307
000215,6244757,GOLDEN STATE BAPTIST COLLEGE,3530 DE LA CRUZ BLVD,FS BTLS OUTSIDE GYM,SANTA CLARA,CA,950542111,34093409,5,100,14,F82FC8510000000000003BE02469B6AE000000D7BE,E7F82FC8513BE02469B6AE0000000000d7,E7017261646975736E6574776F726B7307
000216,3526302,VG ARCHSTONE SAN BRUNO,1099 ADMIRAL CT,I/S HLLWY NXT TO CA,SAN BRUNO,CA,940662431,34093409,5,100,14,F82FC8510000000000003BE02469B6AE000000D8BE,E7F82FC8513BE02469B6AE0000000000d8,E7017261646975736E6574776F726B7307
000217,9621074,VG LA QUINTA INN,20   AIPORT BLVD,659 2 FL FRNT BLDG,SOUTH SAN FRANCIS,CA,94080,34093409,5,100,14,F82FC8510000000000003BE02469B6AE000000D9BE,E7F82FC8513BE02469B6AE0000000000d9,E7017261646975736E6574776F726B7307
000218,1940975,HOWARD JOHNSON,190  EL CAMINO REAL,#1 I/S 2 FL,SAN BRUNO,CA,940665552,34093409,5,100,14,F82FC8510000000000003BE02469B6AE000000DABE,E7F82FC8513BE02469B6AE0000000000da,E7017261646975736E6574776F726B7307
000219,8980089,HOLIDAY 0323 INN FS BOI,495  BEACH ST,4TH FLR VEND AREA,SAN FRANCISCO,CA,941331328,34093409,5,100,14,F82FC8510000000000003BE02469B6AE000000DBBE,E7F82FC8513BE02469B6AE0000000000db,E7017261646975736E6574776F726B7307
000220,4103357,CALIFORNIAS GREAT AMERICA,2401 AGNEW RD,PSYCHO MOUSE LINE C,SANTA CLARA,CA,950541201,34093409,5,100,14,F82FC8510000000000003BE02469B6AE000000DCBE,E7F82FC8513BE02469B6AE0000000000dc,E7017261646975736E6574776F726B7307
000221,4602820,CITI GARDEN HOTEL,245  S AIRPORT BLVD,I/S SFO GOODNITE IN,SOUTH SAN FRANCIS,CA,940806703,34093409,5,100,14,F82FC8510000000000003BE02469B6AE000000DDBE,E7F82FC8513BE02469B6AE0000000000dd,E7017261646975736E6574776F726B7307
000222,8980086,HOLIDAY 0323 INN FS BOI,495  BEACH ST,3RD FL VEND AREA,SAN FRANCISCO,CA,941331328,34093409,5,100,14,F82FC8510000000000003BE02469B6AE000000DEBE,E7F82FC8513BE02469B6AE0000000000de,E7017261646975736E6574776F726B7307
000223,4672265,WESTFIELD VALLEY FAIR MALL,2855 STEVENS CREEK BLVD,PRKG B 2FL I/S NR N,SANTA CLARA,CA,950506709,34093409,5,100,14,F82FC8510000000000003BE02469B6AE000000DFBE,E7F82FC8513BE02469B6AE0000000000df,E7017261646975736E6574776F726B7307
000224,8980087,HOLIDAY 0323 INN FS BOI,1300 COLUMBUS AVE,5TH FLR VENDING ARE,SAN FRANCISCO,CA,941331328,34093409,5,100,14,F82FC8510000000000003BE02469B6AE000000E0BE,E7F82FC8513BE02469B6AE0000000000e0,E7017261646975736E6574776F726B7307
000225,1986292,LA QUINTA INN AND SUITES,6275 DUBLIN BLVD,I/S FIRST FL ICE VE,DUBLIN,CA,945687573,34093409,5,100,14,F82FC8510000000000003BE02469B6AE000000E1BE,E7F82FC8513BE02469B6AE0000000000e1,E7017261646975736E6574776F726B7307
000226,1251801,SHERATON HOTEL FISHERMAN WHARF,2500 MASON ST,3RD FLOOR MIDDLE,SAN FRANCISCO,CA,941331499,34093409,5,100,14,F82FC8510000000000003BE02469B6AE000000E2BE,E7F82FC8513BE02469B6AE0000000000e2,E7017261646975736E6574776F726B7307
000227,9446049,SUPER 8 MOTEL FS BOI,1665 W EL CAMINO REAL,BOI LOBBY,MOUNTAIN VIEW,CA,940402495,34093409,5,100,14,F82FC8510000000000003BE02469B6AE000000E3BE,E7F82FC8513BE02469B6AE0000000000e3,E7017261646975736E6574776F726B7307
000228,3918095,WESTGATE MALL,1600 SARATOGA AVE,FS BOI I/S BRNES &,SAN JOSE,CA,951295101,34093409,5,100,14,F82FC8510000000000003BE02469B6AE000000E4BE,E7F82FC8513BE02469B6AE0000000000e4,E7017261646975736E6574776F726B7307
000229,1313399,THRIFTY CAR RENTAL,350  O FARRELL,GARGE,SAN FRANCISCO,CA,94103,34093409,5,100,14,F82FC8510000000000003BE02469B6AE000000E5BE,E7F82FC8513BE02469B6AE0000000000e5,E7017261646975736E6574776F726B7307
000230,8812438,HOWARD JOHNSON FS BOI,2499 EL CAMINO REAL,BOI,SANTA CLARA,CA,950513001,34093409,5,100,14,F82FC8510000000000003BE02469B6AE000000E6BE,E7F82FC8513BE02469B6AE0000000000e6,E7017261646975736E6574776F726B7307
000231,3929755,SANTA CLARA UNIVERSITY,500  EL CAMINO REAL,BLDG 114 MUSIC DANC,SANTA CLARA,CA,950530001,34093409,5,100,14,F82FC8510000000000003BE02469B6AE000000E7BE,E7F82FC8513BE02469B6AE0000000000e7,E7017261646975736E6574776F726B7307
000232,9621076,VG LA QUINTA INN,20   AIPORT BLVD,659 3 FL FRNT BLDG,SOUTH SAN FRANCIS,CA,94080,34093409,5,100,14,F82FC8510000000000003BE02469B6AE000000E8BE,E7F82FC8513BE02469B6AE0000000000e8,E7017261646975736E6574776F726B7307
000233,1073002,CASA DE AMIGOS FS COI,1085 TASMAN DR,LAUNDRY RM @ 9TH ST,SUNNYVALE,CA,940895001,34093409,5,100,14,F82FC8510000000000003BE02469B6AE000000E9BE,E7F82FC8513BE02469B6AE0000000000e9,E7017261646975736E6574776F726B7307
000234,4828313,OAKRIDGE TARGET GARAGE 5,925  BLOSSOM HILL RD,PARKING GARAGE 4TH,SAN JOSE,CA,951231230,34093409,5,100,14,F82FC8510000000000003BE02469B6AE000000EABE,E7F82FC8513BE02469B6AE0000000000ea,E7017261646975736E6574776F726B7307
000235,2191794,VG STONEY CREEK APARTMENTS,5896 EAST AVE,I/S RENTAL OFC MULT,LIVERMORE,CA,945507320,34093409,5,100,14,F82FC8510000000000003BE02469B6AE000000EBBE,E7F82FC8513BE02469B6AE0000000000eb,E7017261646975736E6574776F726B7307
000236,3573505,VG ARCHSTONE EMERALD PARK,5095 HAVEN PLACE,I/S BY WORK OUT RM,DUBLIN,CA,94568,34093409,5,100,14,F82FC8510000000000003BE02469B6AE000000ECBE,E7F82FC8513BE02469B6AE0000000000ec,E7017261646975736E6574776F726B7307
000237,4516859,RIVER WALK APTS FS BOI,1510 S BASCOM AVE,BOI OUTSIDE BY POOL,CAMPBELL,CA,950080626,34093409,5,100,14,F82FC8510000000000003BE02469B6AE000000EDBE,E7F82FC8513BE02469B6AE0000000000ed,E7017261646975736E6574776F726B7307
000238,3896164,SANTANA ROW LB 2ND FL,355  SANTANA ROW,LEFT BANK 2ND FL,SAN JOSE,CA,951282049,34093409,5,100,14,F82FC8510000000000003BE02469B6AE000000EEBE,E7F82FC8513BE02469B6AE0000000000ee,E7017261646975736E6574776F726B7307
000239,1494933,VG ENCLAVE APTS,4355 RENAISSANCE DR,OUTSIDE POOL AREA,SAN JOSE,CA,951341556,34093409,5,100,14,F82FC8510000000000003BE02469B6AE000000EFBE,E7F82FC8513BE02469B6AE0000000000ef,E7017261646975736E6574776F726B7307
000240,4602908,CITI GARDEN HOTEL,245  S AIRPORT BLVD,I/S SFO GOODNITE IN,SOUTH SAN FRANCIS,CA,940806703,34093409,5,100,14,F82FC8510000000000003BE02469B6AE000000F0BE,E7F82FC8513BE02469B6AE0000000000f0,E7017261646975736E6574776F726B7307
000241,6501587,VG PINNACLE CITY CTR BOI,22800MERIDIAN DR,BOI REA HALLWAY ARE,HAYWARD,CA,945416525,34093409,5,100,14,F82FC8510000000000003BE02469B6AE000000F1BE,E7F82FC8513BE02469B6AE0000000000f1,E7017261646975736E6574776F726B7307
000242,4234334,PALM VALLEY APPT,100  PALM VALLEY BLVD,I/S POOL AREA MULTI,SAN JOSE,CA,951231092,34093409,5,100,14,F82FC8510000000000003BE02469B6AE000000F2BE,E7F82FC8513BE02469B6AE0000000000f2,E7017261646975736E6574776F726B7307
000243,4106278,CALIFORNIAS GREAT AMERICA,2401 AGNEW RD,GOLD STRIKER LINE 1,SANTA CLARA,CA,950541201,34093409,5,100,14,F82FC8510000000000003BE02469B6AE000000F3BE,E7F82FC8513BE02469B6AE0000000000f3,E7017261646975736E6574776F726B7307
000244,8854896,UNIV OF SAN FRANCISCO,2130 FULTON ST,HAYES HEALY BSBL FL,SAN FRANCISCO,CA,941171080,34093409,5,100,14,F82FC8510000000000003BE02469B6AE000000F4BE,E7F82FC8513BE02469B6AE0000000000f4,E7017261646975736E6574776F726B7307
000245,1251800,SHERATON HOTEL FISHERMAN WHARF,2500 MASON ST,2ND FLOOR SOUTH,SAN FRANCISCO,CA,941331499,34093409,5,100,14,F82FC8510000000000003BE02469B6AE000000F5BE,E7F82FC8513BE02469B6AE0000000000f5,E7017261646975736E6574776F726B7307
000246,2768563,HOLIDAY 0323 INN FS BOI,495  BEACH ST,5TH FL VENDING AREA,SAN FRANCISCO,CA,941331328,34093409,5,100,14,F82FC8510000000000003BE02469B6AE000000F6BE,E7F82FC8513BE02469B6AE0000000000f6,E7017261646975736E6574776F726B7307
000247,9621077,VG LA QUINTA INN,20   AIPORT BLVD,659 4 FL FRNT BLDG,SOUTH SAN FRANCIS,CA,94080,34093409,5,100,14,F82FC8510000000000003BE02469B6AE000000F7BE,E7F82FC8513BE02469B6AE0000000000f7,E7017261646975736E6574776F726B7307
000248,3675237,SEAHORSE RANCH,1828 N CABRILLO HWY,I/S REFRESHMENT VEN,HALF MOON BAY,CA,94019,34093409,5,100,14,F82FC8510000000000003BE02469B6AE000000F8BE,E7F82FC8513BE02469B6AE0000000000f8,E7017261646975736E6574776F726B7307
000249,2166600,PARK LANE APTS,520  WALKER DR,COI,MOUNTAIN VIEW,CA,940433670,34093409,5,100,14,F82FC8510000000000003BE02469B6AE000000F9BE,E7F82FC8513BE02469B6AE0000000000f9,E7017261646975736E6574776F726B7307
000250,3202645,MISSION INN,5630 MISSION ST,I/S OUTSIDE 20Z,SAN FRANCISCO,CA,941124298,34093409,5,100,14,F82FC8510000000000003BE02469B6AE000000FABE,E7F82FC8513BE02469B6AE0000000000fa,E7017261646975736E6574776F726B7307
000251,3713141,PACIFICA BEACH RESORT,525  CRESPI DR,I/S BLDG 2FLOOR 1 2,PACIFICA,CA,940443423,34093409,5,100,14,F82FC8510000000000003BE02469B6AE000000FBBE,E7F82FC8513BE02469B6AE0000000000fb,E7017261646975736E6574776F726B7307
000252,3211189,CASA ALBERTA,1575 TENAKA PL,O/S POOL MULTI,SUNNYVALE,CA,940874547,34093409,5,100,14,F82FC8510000000000003BE02469B6AE000000FCBE,E7F82FC8513BE02469B6AE0000000000fc,E7017261646975736E6574776F726B7307
000253,,,,,,,,34093409,5,100,14,F82FC8510000000000003BE02469B6AE000000FDBE,E7F82FC8513BE02469B6AE0000000000fd,E7017261646975736E6574776F726B7307
000254,Outlet #,Outlet Name,ADDRESS_LINE_1,ADDRESS_LINE_2,CITY,STATE,ZIP,34093409,5,100,14,F82FC8510000000000003BE02469B6AE000000FEBE,E7F82FC8513BE02469B6AE0000000000fe,E7017261646975736E6574776F726B7307
000255,1296881,GREAT MALL GFV CHIPOTLE,447  GREAT MALL DR,CHIPOTLE,MILPITAS,CA,950358041,34093409,5,100,14,F82FC8510000000000003BE02469B6AE000000FFBE,E7F82FC8513BE02469B6AE0000000000ff,E7017261646975736E6574776F726B7307
000256,1171858,GREAT MALL GFV CHIPOTLE,447  GREAT MALL DR,CHIPOTLE,MILPITAS,CA,950358041,34093409,5,100,14,F82FC8510000000000003BE02469B6AE00000100BE,E7F82FC8513BE02469B6AE000000000100,E7017261646975736E6574776F726B7307
000257,1080559,GREAT MALL GFV FOOD COURT,447  GREAT MALL DR,CENTURY LEFT SIDE,MILPITAS,CA,950358041,34093409,5,100,14,F82FC8510000000000003BE02469B6AE00000101BE,E7F82FC8513BE02469B6AE000000000101,E7017261646975736E6574776F726B7307
000258,1080558,GREAT MALL GFV FOOD COURT,447  GREAT MALL DR,CENTURY RIGHT SIDE,MILPITAS,CA,950358041,34093409,5,100,14,F82FC8510000000000003BE02469B6AE00000102BE,E7F82FC8513BE02469B6AE000000000102,E7017261646975736E6574776F726B7307
000259,1080551,GREAT MALL GFV BURLINGTON,447  GREAT MALL DR,BURLINGTON COAT FAC,MILPITAS,CA,950358041,34093409,5,100,14,F82FC8510000000000003BE02469B6AE00000103BE,E7F82FC8513BE02469B6AE000000000103,E7017261646975736E6574776F726B7307